{"cameraMode":{"drawMode":0,"name":"Shaded","section":"Shading Mode"},"sceneLighting":true,"audioPlay":false,"sceneViewState":{"m_AlwaysRefresh":false,"showFog":true,"showSkybox":true,"showFlares":true,"showImageEffects":true,"showParticleSystems":true,"showVisualEffectGraphs":true,"m_FxEnabled":true},"in2DMode":false,"pivot":{"x":-0.38778257369995119,"y":1.8490753173828126,"z":0.2546515464782715},"rotation":{"x":-0.09744829684495926,"y":0.8619534969329834,"z":-0.18129503726959229,"w":-0.46330416202545168},"size":4.3657684326171879,"orthographic":false}